Coin ID,Valor del activo (en US$),Capitalización total de mercado (market cap),Volumen (volumen 24h),Porcentaje del volumen diario (volumen 24h / market cap),Suministro circulante (circulating supply),Suministro total (total supply),Suministro máximo (max supply),Posición en ranking,Categoría
28675,2.5264349172359758e-06,175385111.95452142,7915800.20128515,1.58220347,15683307747.5,48707481931.09895,23499511997.5,302.0,Presale Memes
27659,6.515297725401192e-07,254468087.44805783,17042332.47866578,7.24040127,15683307747.5,48707481931.09895,23499511997.5,246.0,Presale Memes
28179,0.007061641799024,13387935.672219846,2520927.40851627,-10.4081555275,1895867286.000001,1897361985.000001,2000000000.0,1011.0,Presale Memes
10269,0.00161042573542,4107930.171990931,250652.16518166,-10.4081555275,2550834901.3805,2775346214.0,1000000000.0,1377.0,Presale Memes
10275,5.36343497550357e-10,18979472.417582627,1220075.19898215,0.18806808,15683307747.5,48707481931.09895,23499511997.5,881.0,Presale Memes
29220,2.401309997579498e-07,101020710.2881719,2017945.11192957,10.6260658125,15683307747.5,48707481931.09895,23499511997.5,428.0,Presale Memes
29743,0.0416088154456278,343014681.7581861,25053115.10771431,10.6260658125,8554838671.0,9999998655.0,10000000000.0,224.0,Presale Memes
10804,0.000202382698813,343014681.7581861,29341435.916718155,-8.5065355,15683307747.5,48707481931.09895,1000000000.0,53.0,Presale Memes
23095,2.426403104318e-05,343014681.7581861,29341435.916718155,-2.39889016,15683307747.5,48707481931.09895,23499511997.5,58.0,Presale Memes
29241,0.0080360285480302,55329778.01515186,29341435.916718155,-10.4081555275,6885214218.0,6885214218.0,6885214218.0,578.0,Presale Memes
9286,1.1072438720426239,42681800.27677938,1972397.52280252,0.16601521,106357.42815504,107536.18496834,1000000000.0,648.0,Presale Memes
74,0.1512186178586983,343014681.7581861,29341435.916718155,-0.30446922,15683307747.5,48707481931.09895,1000000000.0,9.0,Presale Memes
28752,1.1072438720426239,343014681.7581861,29341435.916718155,-7.8765959,998905994.230807,998905994.230807,1000000000.0,40.0,Presale Memes
11865,0.6120327990519557,140720631.8491256,12148843.90750093,5.08964117,229923350.6228802,249999401.82484716,250000000.0,348.0,Presale Memes
30303,0.0003872825336164,4066466.6029730137,161206.17858225,-0.78591898,10500000000.0,48707481931.09895,23499511997.5,1378.0,Presale Memes
4704,0.0055844492503773,8769834.013272079,25727.69123765,-4.57505448,1570402670.0,1918861422.0,1000000000.0,1136.0,Presale Memes
27750,0.0003572345699198,145776460.88300332,1476391.92714598,10.6260658125,15683307747.5,48707481931.09895,23499511997.5,339.0,Presale Memes
28782,0.483254067972551,343014681.7581861,29341435.916718155,-9.8836165,979973184.6,979973220.96,979973220.96,220.0,Presale Memes
29811,0.0048041750059034,4545806.542353314,3378675.80031927,-3.06753512,946220014.21,946220014.21,961584961.0,1346.0,Presale Memes
2165,0.0883673687029342,99734285.35528871,10476.80907775,10.6260658125,1128632512.4217153,12999999994.06,1000000000.0,433.0,Presale Memes
29302,3.496995234109853e-05,2517843.462189646,1270521.09019117,-2.52268154,15683307747.5,48707481931.09895,23499511997.5,1494.0,Presale Memes
28800,0.002289198966859,2164059.287251972,908804.42457216,-5.34031651,945334730.0,979977698.53,1000000000.0,1550.0,Presale Memes
28801,4.4760268368876e-11,17930579.005610667,7800620.51646938,1.63311555,15683307747.5,48707481931.09895,23499511997.5,907.0,Presale Memes
25220,0.113655183874697,113632243.14410783,2772606.99639458,-10.4081555275,999798155.0,999798155.0,1000000000.0,393.0,Presale Memes
28805,7.989395555199849e-05,6557713.307365426,4736621.51631005,5.84730307,15683307747.5,48707481931.09895,23499511997.5,1256.0,Presale Memes
28299,0.097574802661716,97576733.56948587,13436192.92779914,3.54065228,1000019789.0,10000000000.0,10000000000.0,440.0,Presale Memes
27276,5.1132448959843364e-08,23981118.56216653,3068800.33857754,-3.10278761,15683307747.5,48707481931.09895,23499511997.5,806.0,Presale Memes
28301,0.0248032536052133,343014681.7581861,29341435.916718155,-1.12783504,15683307747.5,48707481931.09895,23499511997.5,141.0,Presale Memes
29855,0.0251311361316042,24626378.69236264,2177309.81596891,10.6260658125,979915056.9,1000000000.0,1000000000.0,799.0,Presale Memes
28836,0.0002256728533491,15666209.479498709,767271.18534941,-1.58713517,15683307747.5,48707481931.09895,23499511997.5,949.0,Presale Memes
29349,1.1072438720426239,7497771.974880967,74679.37916629,3.06369826,1000000.0,1000000.0,1000000000.0,1204.0,Presale Memes
10407,1.674299371181883e-09,240745496.70858988,4692953.56440486,-1.36173946,15683307747.5,48707481931.09895,1000000000.0,249.0,Presale Memes
9386,4.07603295084431e-10,37962580.07787778,1211260.03120683,-1.2441745,15683307747.5,48707481931.09895,1000000000.0,677.0,Presale Memes
24747,7.847960429105524e-08,11883890.797978908,130762.91911942,7.73089453,15683307747.5,48707481931.09895,1000000000.0,1053.0,Presale Memes
29870,0.0114275371482027,343014681.7581861,29341435.916718155,2.61999266,15683307747.5,48707481931.09895,23499511997.5,95.0,Presale Memes
29358,0.0555164907562255,43247344.52257199,390352.61353033,10.6260658125,778999968.0,1399999968.0,1399999968.31,647.0,Presale Memes
25264,0.0010014167816696,73339101.54260848,1045377.48295735,-2.13603749,15683307747.5,48707481931.09895,1000000000.0,510.0,Presale Memes
10414,7.017399932936438e-07,2507232.825927323,199775.5047399,-0.40869852,15683307747.5,48707481931.09895,23499511997.5,1497.0,Presale Memes
8378,1.7536474377588065e-07,11937348.38269124,611112.18065614,-1.63647874,15683307747.5,48707481931.09895,1000000000.0,1051.0,Presale Memes
30912,0.0072186835962123,60802157.75001123,29341435.916718155,10.6260658125,8422887212.0,8888887212.0,8888887212.0,552.0,Presale Memes
19650,4.133687693629612e-07,22638672.718808964,2329354.9744123,2.06121261,15683307747.5,48707481931.09895,23499511997.5,824.0,Presale Memes
30933,0.0021734940220355,217349402.2035506,6308966.648881,-3.96646478,15683307747.5,48707481931.09895,23499511997.5,266.0,Presale Memes
213,0.3377418717267876,22199663.41898148,172100.24602013,0.90220621,65729674.871168,65729674.871168,105120000.0,830.0,Presale Memes
24793,1.2692544369404072e-08,7376856.519995136,2006808.2259073,-0.30257804,15683307747.5,48707481931.09895,23499511997.5,1207.0,Presale Memes
9436,2.009515556810034e-07,110453579.24794129,8146242.65613104,10.6260658125,15683307747.5,48707481931.09895,23499511997.5,400.0,Presale Memes
28382,0.1842148510911758,173936365.1799451,29341435.916718155,1.37713458,944203815.0,999981490.5,1000000000.0,303.0,Presale Memes
27872,1.1072438720426239,343014681.7581861,19170993.19749632,9.488194,43997357.0,46502452.0,1000000000.0,223.0,Presale Memes
29920,0.2936479501792801,146823314.38175216,29341435.916718155,1.58245094,499997750.0,499997750.0,499997750.5,336.0,Presale Memes
28394,0.0112333208281437,71002710.43692608,16858693.5675319,-0.02661944,6320723099.0,6596450430.0,6900000000.0,518.0,Presale Memes
23794,0.2669212717551279,25366846.77905101,364764.95968701,-8.9299476,95034939.0,100000000.0,100000000.0,785.0,Presale Memes
8438,2.103888169521101e-05,8280493.495668118,19858.29266889,5.06111593,15683307747.5,48707481931.09895,23499511997.5,1159.0,Presale Memes
23802,9.120032676379127e-06,9120032.676379127,243825.31539844,4.8221097,15683307747.5,48707481931.09895,1000000000.0,1125.0,Presale Memes
8977,8.137528148592406e-07,29240488.836613465,5527463.02713316,10.6260658125,15683307747.5,48707481931.09895,23499511997.5,749.0,Presale Memes
24851,1.846954005113233e-08,7769950.804110859,1634016.89644628,-2.341774,15683307747.5,48707481931.09895,23499511997.5,1186.0,Presale Memes
30484,1.1072438720426239,177043161.93483433,3113591.21330783,10.6260658125,7770000.0,7770000.0,7770000.0,299.0,Presale Memes
29460,0.4679269447466379,19428337.50820013,2408657.26611192,10.6260658125,41520023.0,47500000.0,47500000.0,867.0,Presale Memes
19736,5.156634039992037e-07,6299046.348764672,333603.29550798,1.22488795,15683307747.5,48707481931.09895,23499511997.5,1269.0,Presale Memes
15142,0.0011478106320486,31250645.809901908,588116.23920635,3.01780458,15683307747.5,48707481931.09895,1000000000.0,734.0,Presale Memes
29999,1.0962691694705759e-07,7042323.517762031,848450.64662371,-3.35733676,15683307747.5,48707481931.09895,23499511997.5,1229.0,Presale Memes
20789,0.0147364735916229,14736473.59162296,640427.31313182,10.6260658125,1000000000.0,1000000000.0,1000000000.0,971.0,Presale Memes
29494,0.0015612054920804,15087421.166812245,2011373.20771949,-10.4081555275,9663955990.0,9999609598.0,9999609598.0,967.0,Presale Memes
30008,0.0008837181778899,277705366.3352789,14277192.21191874,-10.4081555275,15683307747.5,48707481931.09895,23499511997.5,235.0,Presale Memes
24911,0.0011482746372876,73116044.39546107,29341435.916718155,10.6260658125,15683307747.5,48707481931.09895,23499511997.5,510.0,Presale Memes
29015,0.028947309977429,18927721.85136985,974989.87232844,2.08243542,653868075.0,676584793.32,676584793.32,884.0,Presale Memes
29026,0.0034235822331904,2492517.5824372824,330736.92965234,3.72692779,728043731.0,900000000.0,1000000000.0,1498.0,Presale Memes
5994,2.4517169869417106e-05,343014681.7581861,29341435.916718155,1.82201752,15683307747.5,48707481931.09895,1000000000.0,11.0,Presale Memes
23404,1.5695378177441108e-08,6734651.482514989,1018029.20802377,0.16315407,15683307747.5,48707481931.09895,1000000000.0,1249.0,Presale Memes
4978,0.0843398965089562,5578193.440420427,14035.72992035,-2.89121991,66139439.0,66139439.0,184467440.0,1287.0,Presale Memes
16755,1.60046544479436e-08,3649061.214130036,79438.25570349,2.53989272,15683307747.5,48707481931.09895,23499511997.5,1405.0,Presale Memes
29558,0.0042091523984428,7537450.383956748,6571779.10291557,2.13529126,1790728790.61,2339600236.0,2600000000.0,1200.0,Presale Memes
29559,1.1072438720426239,3327723.8062656936,231906.37397361,6.61670984,20000.0,20000.0,20000.0,1430.0,Presale Memes
1405,,,0.0,0.0,701884009.0,701884009.0,1000000000.0,,Presale Memes
29059,0.0003268843212459,3052950.753541512,184158.53074591,-6.45114506,9339544772.0,9339544772.0,10000000000.0,1452.0,Presale Memes
29574,0.0052185756218213,5217432.47926313,2603449.34776458,1.52378482,999780947.4,999994577.83,999994577.83,1310.0,Presale Memes
25479,2.4758748082141536e-08,13130428.71453242,2678967.14475917,2.61993369,15683307747.5,48707481931.09895,23499511997.5,1020.0,Presale Memes
30601,0.0395543794108764,27561522.571654323,1080961.47066674,-4.61084892,696800783.68454,696800783.68454,696833764.99,764.0,Presale Memes
30096,0.0156299994611999,221627279.1387962,27449603.07397311,-8.05490662,14179608879.0,36965935954.0,23499511997.5,261.0,Presale Memes
10641,1.085774312129853e-09,47867404.27702606,1165021.15275644,2.0612053,15683307747.5,48707481931.09895,1000000000.0,613.0,Presale Memes
28053,8.791254089264841e-05,8246991.730945366,884344.13095941,-3.48911762,15683307747.5,48707481931.09895,1000000000.0,1160.0,Presale Memes
24477,4.17851059667108e-10,72896581.39913584,19434956.49724987,-6.26990423,15683307747.5,48707481931.09895,1000000000.0,513.0,Presale Memes
24478,9.834653574970165e-06,343014681.7581861,29341435.916718155,-9.98274733,15683307747.5,48707481931.09895,23499511997.5,24.0,Presale Memes
26532,1.2906447047420652e-08,5429613.208379394,29047.65303683,-0.75726048,15683307747.5,48707481931.09895,23499511997.5,1296.0,Presale Memes
15270,2.2329414038908545e-08,20091658.879983384,6736178.79419993,0.56252206,15683307747.5,48707481931.09895,23499511997.5,858.0,Presale Memes
21414,0.0005576149102191,16038912.232130866,2221955.1643592,-1.71498035,15683307747.5,48707481931.09895,23499511997.5,942.0,Presale Memes
30126,0.0031307964455067,278293017.3755975,29341435.916718155,-6.06100804,15683307747.5,48707481931.09895,23499511997.5,234.0,Presale Memes
28081,0.0074792442124533,6963124.680740094,783490.74081202,10.6260658125,930993090.07,1000000000.0,1000000000.0,1234.0,Presale Memes
30133,0.0139932500734158,11212017.820923593,90231.2610368,-6.77214698,801244726.0,969100193.0,1000000000.0,1068.0,Presale Memes
30647,2.076405031632721e-05,18399083.851816237,27248.46214018,2.95627619,15683307747.5,48707481931.09895,23499511997.5,896.0,Presale Memes
12727,,,0.0,1.24305842,15683307747.5,48707481931.09895,23499511997.5,,Presale Memes
25023,1.595432405729362e-07,117163135.11310668,17466841.08684861,8.58192564,15683307747.5,48707481931.09895,23499511997.5,386.0,Presale Memes
21968,0.0037988141340694,5293089.902088346,315111.15980284,0.31273352,1393353219.0,1417967396.0,2000000000.0,1304.0,Presale Memes
9177,8.65280201678789e-10,34777478.63522949,1743336.77637842,-0.02308793,15683307747.5,48707481931.09895,23499511997.5,704.0,Presale Memes
29150,0.2291278312887838,98473957.64160857,29341435.916718155,10.02095287,429777374.0,555548158.0,555548158.0,438.0,Presale Memes
29153,0.0032831800240148,3019930.3067315947,698548.06589136,8.02831249,919818677.21,999985895.01,1000000000.0,1458.0,Presale Memes
18919,3.2083798204472364e-08,19246632.06428749,183636.92448994,10.6260658125,15683307747.5,48707481931.09895,23499511997.5,871.0,Presale Memes
29675,0.0285672743913612,3174141.595865997,57788.79001252,-0.13510626,111111111.0,125000000.0,125000000.0,1440.0,Presale Memes
29175,0.0001780678265539,129582975.86964704,28101793.61790807,-2.99722989,15683307747.5,48707481931.09895,23499511997.5,364.0,Presale Memes
28664,1.3715970881120675e-05,13228601.74696904,444896.22425504,1.47374659,15683307747.5,48707481931.09895,23499511997.5,1017.0,Presale Memes
9721,0.0083823876200076,30655518.680883896,1726646.83782009,-3.34338268,3657134467.0,4746913623.0,4746913623.0,739.0,Presale Memes
9212,0.0071508295978678,9442157.831143038,227253.46451684,0.48982955,1320428308.6200805,1320428308.6200805,1320428309.0,1117.0,Presale Memes
28674,1.1072438720426239,102625770.83744387,14100398.65737402,-1.94603524,21969520.0,147000000.0,147000000.0,423.0,Memes
11783,1.1072438720426239,62791213.7918777,558074.16286295,-4.52566429,10945063.1828,14954970.323,1000000000.0,543.0,Memes
8719,1.1072438720426239,343014681.7581861,12005317.54824788,-1.96006195,4316265.52791974,8222624.70881089,1000000000.0,175.0,Memes
5647,0.8006013163982723,219729348.6398044,4807110.73839304,-2.21300444,274455392.63952,1000000000.0,1000000000.0,263.0,Memes
20497,1.2262118143860132e-05,22125210.0903084,3105148.86965144,1.75909099,15683307747.5,48707481931.09895,23499511997.5,833.0,Memes
10804,0.0002013200917885,343014681.7581861,29341435.916718155,-9.08665231,15683307747.5,48707481931.09895,1000000000.0,53.0,Memes
29241,0.0078136890031262,53798922.61935516,29341435.916718155,-10.4081555275,6885214218.0,6885214218.0,6885214218.0,581.0,Memes
5691,0.0713316431712243,343014681.7581861,27516051.48070227,-0.09908377,5361561004.0,5447166667.0,7000000000.0,163.0,Memes
8766,1.1072438720426239,77893410.20476978,9294640.02271837,-0.7816486,67913333.0,100000000.0,100000000.0,497.0,Memes
6210,0.4304464124742019,343014681.7581861,29341435.916718155,0.23801506,2265731926.2233224,3000000000.0,3000000000.0,82.0,Memes
8258,0.0144006631141061,84145345.8017255,988083.53095566,-3.76628343,5843157716.765227,8652956008.0,10000000000.0,476.0,Memes
28230,0.1612736076666571,142182791.51537576,14077472.35497113,-0.61643769,881624672.33485,5000000000.0,5000000000.0,345.0,Memes
2130,0.2915337826889249,343014681.7581861,18485612.60933582,-1.80543071,1454774283.2109673,1805665295.488776,1000000000.0,153.0,Memes
23635,1.0188928726226911,343014681.7581861,23801365.03685176,1.269366,365875411.58809054,556236108.2949786,2100000000.0,172.0,Memes
11346,0.0002154733232448,77985984.45969014,9845896.8223403,-1.81431061,15683307747.5,48707481931.09895,23499511997.5,496.0,Memes
28249,0.0131220729216552,40223380.24265998,1204767.10026438,0.53890456,3065322109.0,10000000000.0,10000000000.0,663.0,Memes
9308,1.1072438720426239,119595292.96323788,5849598.05130568,0.34354983,28100000.0,50000000.0,50000000.0,383.0,Memes
4189,0.1570504335859843,58436476.13284367,1234000.5881838,-0.22562939,372087327.609,1000000000.0,1000000000.0,562.0,Memes
8290,0.9593741738604312,343014681.7581861,13256030.34368489,0.92733164,487776093.41691726,999998077.4169172,1000000000.0,136.0,Memes
4710,0.0060704256376378,42128292.28147805,972263.45876078,4.46469749,6939923952.0,10000000000.0,1000000000.0,652.0,Memes
15463,0.0066602784068082,62319351.52369048,935346.7362129,4.08548774,9356868845.0,21353459188.95017,1000000000.0,543.0,Memes
11367,0.525755634612062,30225881.336782668,540989.87023766,-0.3187712,57490361.2,100000000.0,1000000000.0,742.0,Memes
17000,0.0887414290394334,25761336.549151663,3109100.83227526,4.68386615,290296616.0,988886708.59,1000000000.0,778.0,Memes
11374,0.140527384610802,78309980.75071888,10706387.84438832,-2.79230906,557257796.888503,800000000.0,800000000.0,495.0,Memes
7798,,,108366.68450001,2.24911061,346695.49674607,1000000.0,1000000.0,,Memes
6783,1.1072438720426239,343014681.7581861,29341435.916718155,1.89974552,144664035.13711786,270000000.0,270000000.0,78.0,Memes
18069,0.2153220601238347,343014681.7581861,29341435.916718155,0.79406084,2014452156.4739933,5350517221.757748,1000000000.0,151.0,Memes
29335,0.3503182352746406,270109956.1066571,29341435.916718155,-1.64091294,771041667.0,5000000000.0,5000000000.0,240.0,Memes
28829,1.1072438720426239,94972421.04312123,16383484.54231954,-4.43327652,30000396.0,250000000.0,250000000.0,444.0,Memes
30372,1.1072438720426239,193889913.3868448,29341435.916718155,-7.44810988,92841359.0,1007784546.0,1000000000.0,281.0,Memes
9892,5.2284454407862086e-08,19438697.05802935,112947.70782169,0.70659804,15683307747.5,48707481931.09895,23499511997.5,867.0,Memes
28850,0.0064764635041181,343014681.7581861,29341435.916718155,-10.4081555275,15683307747.5,48707481931.09895,1000000000.0,109.0,Memes
4275,0.6644526113043373,47210519.49633773,2761195.29525354,1.74803798,71051748.0,71051748.0,1000000000.0,617.0,Memes
17588,0.0316048134983862,22733336.02842653,153106.46383321,7.09953886,719299800.0,2750000000.0,2750000000.0,820.0,Memes
22710,0.0321768830326903,26453945.443927325,2312205.30375867,0.86658908,822141331.0,1000000000.0,1000000000.0,774.0,Memes
19650,3.960224191443578e-07,21688677.52185689,2329704.87877544,2.52559797,15683307747.5,48707481931.09895,23499511997.5,839.0,Memes
28868,0.0110240624354023,25650398.45438925,10835409.47969178,10.6260658125,2326764621.0,9979000000.0,10000000000.0,781.0,Memes
15563,0.0527198114159883,44741730.89501628,341240.15262505,0.81146669,848670162.0,3840000000.0,1000000000.0,636.0,Memes
28363,0.0934059796429423,22501569.709815733,2934712.2776599,-7.42291604,240900741.0,3000000000.0,3000000000.0,827.0,Memes
3801,0.1524906505784875,151537584.012372,1920730.22453633,0.40119521,993750000.0,1205750000.0,1205750000.0,328.0,Memes
1757,0.0051260272192484,56195654.92110332,4097752.48340847,-1.97868827,10962808529.398026,10977277070.398026,1000000000.0,571.0,Memes
15585,0.3773531559559138,129990745.58118106,886257.9166937,-3.3186907,344480345.61122864,1000000000.0,1000000000.0,362.0,Memes
3816,0.0050794363011777,50801378.41935085,8217233.75127475,-2.93213042,10001381139.0,48707481931.09895,23499511997.5,601.0,Memes
6892,1.1072438720426239,343014681.7581861,28908433.59515982,2.03482915,26942816.0,26947968.0,31415926.0,75.0,Memes
22764,0.8055721542843883,120933233.25993794,8150939.68014276,-3.15785636,150120920.41260564,500000000.0,1000000000.0,381.0,Memes
30963,0.0367443035493137,134968267.83841556,29341435.916718155,-6.62413819,3673175289.804513,10000000000.0,10000000000.0,355.0,Memes
17145,0.2662000585261135,44984876.59560696,4423194.81139567,0.36373334,168988980.8615277,206834140.7829091,500000000.0,634.0,Memes
22265,0.0604466411541833,134519296.39645946,736665.15437641,2.75599074,2225422187.7,10000000000.0,10000000000.0,357.0,Memes
2300,0.0629564211128019,216897234.41566297,4720676.15306093,0.9996571,3445196384.766504,4181583773.552313,1000000000.0,266.0,Memes
28933,0.6016702985866557,166733760.05428162,13087290.33051207,-2.8004093,277118150.0,1007924351.904109,2500000000.0,307.0,Memes
19722,0.0453183243633366,27105894.10109788,212540.84685907,-5.58426656,598122161.0,1000000000.0,1000000000.0,768.0,Memes
8972,1.1072438720426239,136349580.72402057,4388664.48861377,-2.28880638,60372373.15468952,100000000.0,100000000.0,353.0,Memes
22289,0.0055080175028785,101818351.88916077,1984536.387885,-0.75313462,15683307747.5,48707481931.09895,23499511997.5,426.0,Memes
14101,1.1072438720426239,343014681.7581861,16249265.01936152,0.8199816,322263116.15491,1000000000.0,1000000000.0,91.0,Memes
7461,0.0754614593764378,42536421.85369923,7862019.52062154,-0.765655,563684060.7800494,700000000.0,700000000.0,649.0,Memes
15142,0.0011467489499894,31221740.127145115,572627.10032724,2.91579013,15683307747.5,48707481931.09895,1000000000.0,735.0,Memes
6951,0.0019172501941177,43754351.94921311,12608033.17824563,-1.80841307,15683307747.5,22821409581.0,1000000000.0,644.0,Memes
16678,0.0317626962319863,22617919.4680526,44275.59795292,5.58334966,712090664.5600001,5000000000.0,5000000000.0,825.0,Memes
22320,0.034973561275475,22051662.305057872,1170027.11782246,2.85998477,630523787.1363546,1000000000.0,1000000000.0,836.0,Memes
5429,0.0017520114008176,42007645.85757469,1395839.47237508,-3.46422762,15683307747.5,29892900001.0,23499511997.5,653.0,Memes
22331,0.072927335176284,24295087.191145837,5984504.00023193,1.80032417,333141025.0,5000000000.0,5000000000.0,802.0,Memes
15678,0.2093403071614783,36747738.0150478,4493337.08352117,-1.80298424,175540671.136504,300000000.0,300000000.0,689.0,Memes
28479,0.0424112982281729,44062191.00769457,6933053.51698944,1.84374023,1038925778.0,12000000000.0,12000000000.0,643.0,Memes
19778,0.0071384029588561,18060159.48590616,3926380.04402647,-0.83477779,2530000000.0,4600000000.0,4600000000.0,905.0,Memes
22359,0.1424230348430848,81314589.08413543,262062.70432536,0.0109243,570937062.0681136,1999999800.0,2000000000.0,485.0,Memes
23397,0.019034002261231,42497049.90565093,1409961.72102695,3.84822054,2232691229.222451,10000000000.0,10000000000.0,650.0,Memes
21351,0.0091135439176488,61212781.43286594,7841054.27692762,0.46169772,6716682553.57,21557770144.227,21867346500.41,551.0,Memes
10603,1.1072438720426239,343014681.7581861,29341435.916718155,6.85940411,1456815249.389814,2000000000.0,2000000000.0,30.0,Memes
29037,0.0052327729092391,34714892.24487828,2533248.67060663,2.60433882,6634129332.0,48707481931.09895,23499511997.5,707.0,Memes
29555,0.7453301385515342,140477553.6275309,19995384.23323407,-4.91257193,188476953.18014824,188476953.18014824,1000000000.0,348.0,Memes
7548,1.1072438720426239,343014681.7581861,2732123.04040848,-1.68742967,359584420.00219977,958537504.5130856,980000000.0,127.0,Memes
7046,1.1072438720426239,91236484.74225144,6835532.82888279,0.741366,52747801.21406849,52747802.71425598,1000000000.0,456.0,Memes
3978,0.3239997526263228,263228557.3667954,29341435.916718155,7.81930914,812434439.326204,812434439.326204,978064789.0,243.0,Memes
7064,0.2695240912181665,78100133.89635533,29341435.916718155,-2.93563039,289770511.9544846,289770511.9544846,1000000000.0,493.0,Memes
6554,0.1528031312197654,99316706.03240135,3000704.73867933,-0.62818344,649965123.3557609,808000000.0,1000000000.0,432.0,Memes
21916,0.1634033354148409,22710475.47723326,75591.62704996,1.08771526,138984161.0,998002280.5,1000000000.0,823.0,Memes
9119,0.0161358180926007,66883047.84925734,5515368.51946859,-3.45302234,4145005072.9022,6360762505.0843,10000000000.0,530.0,Memes
9637,0.0369251307266561,26577048.241592143,12753921.21966452,4.06525887,719755021.0,990000000.0,1000000000.0,772.0,Memes
8615,1.1072438720426239,89454251.34111331,7592026.91525991,4.06382158,20577762.00717267,30000000.0,30000000.0,457.0,Memes
7080,0.0428062142494927,343014681.7581861,29341435.916718155,1.03797437,15683307747.5,32377697637.50256,1000000000.0,64.0,Memes
18345,0.3794851965585127,19121657.317557037,565331.94745079,-6.4805839,50388414.333334,750000000.0,1000000000.0,875.0,Memes
8620,0.0118961346432058,18902472.72234143,559868.85609625,10.6260658125,1588959211.4811049,10000000000.0,1000000000.0,882.0,Memes
1966,0.4214857843316362,343014681.7581861,29341435.916718155,-0.30015907,1908319865.391588,2193179327.320146,1000000000.0,93.0,Memes
18876,1.1072438720426239,343014681.7581861,29341435.916718155,-0.74699911,604895833.0,1000000000.0,1000000000.0,101.0,Memes
22461,0.2821044667563179,113378980.84852344,6127996.5033598,-3.22046616,401904238.356,1000000000.0,1000000000.0,392.0,Memes
14783,0.6636063237339087,169895918.8856961,25237634.94294109,-3.71407104,256019137.86737895,347714007.0,347714007.0,304.0,Memes
10688,0.7905507445283392,288914123.1860838,29341435.916718155,1.31897944,365459301.86740464,1000000000.0,1000000000.0,200.0,Memes
10180,0.3493188283583366,140301516.87138817,13557451.85912509,4.25259663,401643156.5706064,432919966.027866,432919966.027866,349.0,Memes
9674,0.71043112785989,188128015.6826082,998698.18679721,6.7921233,264808238.6948992,500000000.0,500000000.0,285.0,Memes
11212,0.0038577545471689,61424684.36816695,2568524.49978049,-2.63346905,15683307747.5,36000000000.0,23499511997.5,549.0,Memes
12749,1.1072438720426239,126849244.95344213,13513626.8788488,-4.78722905,90463651.99999112,180000000.0,180000000.0,368.0,Memes
11213,0.2291854756136618,57018937.55945675,823936.92763197,6.18995877,248789489.8522,360000000.0,360000000.0,567.0,Memes
18895,0.7798750834412872,93161538.19859228,2172443.09520658,3.38282871,119457000.45641468,322641567.0,1000000000.0,446.0,Memes
9175,0.3236066984848155,101309323.97498244,7738114.23236414,-3.50212495,313063124.0,550166372.0,550322467.0,427.0,Memes
26585,2.7268585286919225e-05,23217837.914891083,3346280.16214221,-10.4081555275,15683307747.5,48707481931.09895,23499511997.5,816.0,Memes
14822,0.0165588960790516,88362365.61807694,1529820.24673431,-1.5232082,5336247367.954846,16800000000.0,16800000000.0,463.0,Memes
10729,8.01315578373648e-07,20639946.715684667,816636.70687613,-0.29795561,15683307747.5,48707481931.09895,23499511997.5,850.0,Memes
7158,0.4399875344653978,23473420.07575142,5053238.0394397,-0.52880065,53350193.441895,53350193.441895,63000000.0,813.0,Memes
10744,0.2042538431784655,24510461.181415863,1161763.94345509,-6.52424902,120000000.0,120000000.0,120000000.0,799.0,Memes
10746,0.0793668642599565,34411869.370559685,2308374.25603637,-1.09701873,433579803.0,631378228.0,700000000.0,710.0,Memes
25093,,,0.0,0.0,0.0,76400000.0,76400000.0,,Gaming Guild
14345,0.6965842781902396,32867221.44952657,870706.86915416,5.7075537,47183409.78771046,100000000.0,100000000.0,723.0,Gaming Guild
8230,0.018581236180448,0.0,70619.93541872,-0.35655562,0.0,700000000.0,700000000.0,1876.0,Gaming Guild
27178,0.4314594116580242,343014681.7581861,7180949.8954556,1.226422,816982824.0,1000000000.0,1000000000.0,225.0,Gaming Guild
29750,0.0724925251727115,0.0,3217.94296067,3.22614684,0.0,100000000.0,100000000.0,1876.0,Gaming Guild
28217,1.0711950489553142e-08,0.0,31613.28004738,10.6260658125,0.0,48707481931.09895,23499511997.5,1876.0,Gaming Guild
5690,1.1072438720426239,343014681.7581861,29341435.916718155,-10.01406801,388643223.5364601,532070163.8164601,536870912.0,27.0,Gaming Guild
28734,0.2696381345152998,0.0,816363.55799488,10.05266996,0.0,100000000.0,100000000.0,1876.0,Gaming Guild
23622,1.9010825e-17,0.0,47846.78309101,-10.4081555275,0.0,1000000000.0,1000000000.0,1876.0,Gaming Guild
24141,,,0.0,0.0,0.0,48707481931.09895,23499511997.5,,Gaming Guild
28245,0.4105265000194495,25180241.83685647,1002765.3397609,5.17569992,61336459.0,500000000.0,500000000.0,789.0,Gaming Guild
14429,,,0.0,0.0,0.0,50000000.0,100000000.0,,Gaming Guild
1637,1.1072438720426239,232798254.4937095,11804651.42401124,2.31908913,72382548.06525736,86999784.9868455,86999785.0,254.0,Gaming Guild
28778,0.4469183929908089,111729598.24770224,19982653.53119343,-5.06121777,250000000.0,1000000000.0,1000000000.0,397.0,Gaming Guild
25226,,,0.0,0.0,0.0,48707481931.09895,1000000000.0,,Gaming Guild
28299,0.0960590281579157,96060929.07002392,13362206.64537607,0.79078153,1000019789.0,10000000000.0,10000000000.0,441.0,Gaming Guild
25227,,,0.0,0.0,0.0,48707481931.09895,23499511997.5,,Gaming Guild
23711,1.1072438720426239,343014681.7581861,5036172.42613054,0.80502957,35773841.0,111111111.1,111111112.0,118.0,Gaming Guild
28838,0.0005633377766625,0.0,16698.84586118,3.05129447,0.0,10000000000.0,10000000000.0,1876.0,Gaming Guild
28846,1.0339840468354928,145727126.60087729,25680591.41093169,-3.7205136,140937500.0,1000000000.0,1000000000.0,336.0,Gaming Guild
6841,0.1714045762115631,123646957.4213267,7860495.43046758,-0.45275416,721374890.6488374,1000000000.0,1000000000.0,376.0,Gaming Guild
3773,1.1072438720426239,343014681.7581861,29341435.916718155,-0.32691574,848193895.9129184,1152997575.0,1000000000.0,54.0,Gaming Guild
28353,9.09657749874806e-05,0.0,193247.68309996,-6.23560135,0.0,48707481931.09895,23499511997.5,1876.0,Gaming Guild
23756,0.2313762363428712,108148965.06699392,23225802.50830425,1.44657182,467416044.0,998341730.0,1000000000.0,407.0,Gaming Guild
27852,1.1072438720426239,0.0,9335.49289733,-3.33036153,0.0,1000000.0,1000000.0,1876.0,Gaming Guild
23770,,,0.0,0.0,0.0,650000000.0,600000000.0,,Gaming Guild
19164,0.0236700282628367,0.0,6288996.1030685,-6.97225348,0.0,2384000000.0,2384000000.0,1876.0,Gaming Guild
28381,0.0569142884403601,0.0,176875.49903952,0.41542236,0.0,500000000.0,500000000.0,1876.0,Gaming Guild
28386,0.002099776316325,0.0,425406.06897296,1.74176485,0.0,10000000000.0,10000000000.0,1876.0,Gaming Guild
28387,3.76897245585489e-08,0.0,179626.92047341,2.34919986,0.0,48707481931.09895,23499511997.5,1876.0,Gaming Guild
1768,0.191084577985282,27524974.26599346,4107398.35022244,-2.10167317,144046026.928,150000000.0,150000000.0,764.0,Gaming Guild
28394,0.0110645866847731,69936188.63933364,16959225.49620713,-2.51796351,6320723099.0,6596450430.0,6900000000.0,521.0,Gaming Guild
29420,0.118262699602673,0.0,2841128.65329134,-2.21163338,0.0,1000000000.0,1000000000.0,1876.0,Gaming Guild
7431,1.1072438720426239,343014681.7581861,29341435.916718155,7.26564202,236963375.150131,236963375.150131,388539008.0,62.0,Gaming Guild
24839,0.0237116360371154,2185427.6792179444,9705.82048927,3.75746725,92166887.0,918835533.7609676,1000000000.0,1551.0,Gaming Guild
26376,6.900599590705193e-06,0.0,238.8466731,2.00173736,0.0,48707481931.09895,23499511997.5,1876.0,Gaming Guild
24841,2.153998045260001e-05,0.0,1138.92074752,2.5083962,0.0,5000000000.0,5000000000.0,1876.0,Gaming Guild
2827,0.1155889466141527,14347963.201767832,69183.02736157,1.96968476,124129197.66163056,124129197.66163056,1000000000.0,982.0,Gaming Guild
26380,8.428332952253541e-10,0.0,482.72555583,-3.86641972,0.0,48707481931.09895,23499511997.5,1876.0,Gaming Guild
29451,0.001012714131605,0.0,30874.79595555,10.6260658125,0.0,1000000000.0,1000000000.0,1876.0,Gaming Guild
27925,0.0525369381591948,0.0,35270.36612159,2.48925667,0.0,50000000.0,100000000.0,1876.0,Gaming Guild
19225,1.1072438720426239,0.0,81079.91764587,-0.29785197,0.0,10000000.0,10000000.0,1876.0,Gaming Guild
11563,0.0047673592594842,1221695.7103956863,215728.9856471,-0.92923548,256262564.64,1860000000.0,1900000000.0,1704.0,Gaming Guild
23341,0.004106380369845,0.0,62579.55201621,2.95423404,0.0,100000000.0,100000000.0,1876.0,Gaming Guild
24884,2.41589694767919e-10,0.0,0.0,0.0,0.0,48707481931.09895,23499511997.5,1876.0,Gaming Guild
23355,0.32217772026954,279831793.84133524,1373061.4269442,0.96648879,868563455.0,1000000000.0,1000000000.0,231.0,Gaming Guild
14660,1.213593635043594e-09,0.0,545.85982897,0.73072628,0.0,48707481931.09895,23499511997.5,1876.0,Gaming Guild
3911,0.9160384582793104,343014681.7581861,29341435.916718155,-0.21207361,568381102.7486407,1408900141.0,1410000000.0,129.0,Gaming Guild
16711,1.1072438720426239,12697394.86108279,17448875.99772262,-10.4081555275,7732754.1690453,75000000.0,1000000000.0,1031.0,Gaming Guild
7497,0.0193080497273578,156151457.5277556,3931683.07221841,-0.8848095,8087375977.0,8087375977.0,1000000000.0,317.0,Gaming Guild
24393,0.0337666940093597,0.0,17449.60244528,-2.46986438,0.0,100000000.0,100000000.0,1876.0,Gaming Guild
25419,0.0603542919394944,28676019.754285872,4166187.82837407,-2.99589371,475128095.0,997742373.0,1000000000.0,753.0,Gaming Guild
29518,0.0377223229010105,0.0,19757.79237504,10.6260658125,0.0,100000000.0,100000000.0,1876.0,Gaming Guild
28520,,,0.0,0.0,0.0,98000000.0,98000000.0,,Gaming Guild
7533,1.1072438720426239,158831372.77831393,5940521.49411915,2.54097619,12706080.0,16779272.0,19779272.0,314.0,Gaming Guild
23922,3.035575941220845e-05,0.0,115877.72952978,-9.43061715,0.0,48707481931.09895,23499511997.5,1876.0,Gaming Guild
2424,0.91168257660402,343014681.7581861,29341435.916718155,-0.05929779,1282250452.153369,1401796166.0050192,2000000000.0,69.0,Gaming Guild
28542,0.0033058115856758,0.0,200974.59011009,2.23763846,0.0,2100000000.0,2100000000.0,1876.0,Gaming Guild
25479,2.476351913740508e-08,13132958.97174992,2725228.72786962,2.12836582,15683307747.5,48707481931.09895,23499511997.5,1018.0,Gaming Guild
9104,0.7927024531201334,343014681.7581861,7976931.76565415,-3.71729989,1093794175.2299187,1093794175.2299187,1000000000.0,88.0,Gaming Guild
24976,,,0.0,0.0,0.0,48707481931.09895,23499511997.5,,Gaming Guild
28567,0.9329008644114992,73699168.28850843,2200106.04462689,10.6260658125,79000000.0,79000000.0,1000000000.0,507.0,Gaming Guild
24476,0.7557743465592622,65517616.78916145,3728851.05388386,4.80737179,86689389.61402555,726378601.0,1000000000.0,532.0,Gaming Guild
29090,0.0005711585600033,0.0,106283.63275464,2.72047488,0.0,1000000000.0,1000000000.0,1876.0,Gaming Guild
2467,0.8424957995838465,341738908.5463057,2754184.38494165,4.46984303,405626839.582,500000000.0,1000000000.0,179.0,Gaming Guild
24489,0.0541866187301722,0.0,755697.58952575,10.6260658125,0.0,1000000000.0,1000000000.0,1876.0,Gaming Guild
2474,0.0376687501450404,16708720.405397648,333699.49267224,-1.26594846,443569811.6094136,743569811.6094136,1000000000.0,926.0,Gaming Guild
28590,0.0038933508988733,0.0,1341.98910145,-0.72517139,0.0,100000000.0,100000000.0,1876.0,Gaming Guild
25523,0.0029715257055175,0.0,46223.45728185,10.6260658125,0.0,0.0,1000000000.0,1876.0,Gaming Guild
28597,1.1072438720426239,1531715.8463283812,235726.73931871,1.17026481,844493.98,1000000.0,1000000000.0,1633.0,Gaming Guild
25527,4.9876954009788514e-05,0.0,0.0,0.0,0.0,48707481931.09895,23499511997.5,1876.0,Gaming Guild
29624,1.03958185737e-13,0.0,0.0,-4.1e-06,0.0,48707481931.09895,23499511997.5,1876.0,Gaming Guild
22974,1.1072438720426239,343014681.7581861,29341435.916718155,-2.13108502,6776790.0,6776790.0,21000000.0,42.0,Gaming Guild
29631,0.0759567808246008,0.0,475840.58317283,10.6260658125,0.0,100000000.0,100000000.0,1876.0,Gaming Guild
22977,0.0156912039479666,12189450.261681665,194375.41956906,1.24884495,776833333.0,1000000000.0,1000000000.0,1044.0,Gaming Guild
24007,0.3058863761155881,235459972.55731025,29341435.916718155,1.45512741,769762862.7576889,3000000000.0,1000000000.0,252.0,Gaming Guild
8647,4.2283403071486725e-05,391477.2156946898,27054.33769741,-0.10891883,9258413165.866432,22017205480.0,22020096000.0,1876.0,Gaming Guild
25033,0.0187674661072022,7769730.968381733,311663.90102269,-3.02733457,414000000.0,2000000000.0,2000000000.0,1185.0,Gaming Guild
3029,0.859050429067961,297938352.29262173,11611990.16045267,-2.98375381,346822889.7992336,440000000.0,440000000.0,198.0,Gaming Guild
16876,0.0153036145623309,54911873.63699014,1995822.07702361,1.32111914,3588163659.855413,10000000000.0,1000000000.0,579.0,Gaming Guild
29169,4.8540091696239305e-06,0.0,5606015.12849566,-4.24897974,0.0,48707481931.09895,23499511997.5,1876.0,Gaming Guild
14336,0.049372046926815,15469512.057898998,327094.32997958,1.3384765,313325313.02236027,1000000000.0,1000000000.0,953.0,Gaming
8708,0.2716436864046604,14201221.188838976,427127.57074666,4.19391164,52278856.08827953,64923252.85185185,80000000.0,985.0,Gaming
14345,0.6983358132415219,32949864.845608767,862210.01891369,5.97507315,47183409.78771046,100000000.0,100000000.0,723.0,Gaming
5647,0.792315512872926,217455265.1799216,4922347.74331592,-3.33723744,274455392.63952,1000000000.0,1000000000.0,264.0,Gaming
29734,0.4876827302364451,44487025.32948494,2414676.6139271,-3.86955314,91221244.0,1000000000.0,1000000000.0,637.0,Gaming
20009,0.0504943334003571,17138897.023362037,1290895.33370122,0.88421116,339422186.0,967670986.289,1000000000.0,918.0,Gaming
27178,0.4194802315723804,342708144.20217735,7214979.67802849,-1.47100269,816982824.0,1000000000.0,1000000000.0,227.0,Gaming
9260,0.0959788137776757,137567272.59054655,5151126.34852121,-2.1777582,1433308739.46,2000000000.0,1000000000.0,352.0,Gaming
7226,1.1072438720426239,343014681.7581861,29341435.916718155,-0.83759253,93400000.0,100000000.0,1000000000.0,50.0,Gaming
5690,1.1072438720426239,343014681.7581861,29341435.916718155,-10.4081555275,388643223.5364601,532070163.8164601,536870912.0,27.0,Gaming
6719,0.299430930991693,343014681.7581861,29341435.916718155,2.07352855,9483367384.447515,10797574910.478142,1000000000.0,38.0,Gaming
8258,0.0143653084701632,83938763.04114701,977799.22206142,-5.51706569,5843157716.765227,8652956008.0,10000000000.0,475.0,Gaming
2638,0.3155844874847501,69702114.05082609,4147931.78599075,-2.0166938,220866730.828125,299792458.0,299792458.0,524.0,Gaming
28245,0.4105337249610428,25180684.98919028,998765.71823679,4.91089637,61336459.0,500000000.0,500000000.0,788.0,Gaming
2143,0.052192922624502,53805885.03293008,4489170.80901593,-3.87979786,1030903853.0,1092823352.0,1000000000.0,580.0,Gaming
29281,0.5467496444937189,16406306.54289728,734641.21153198,-10.4081555275,30006981.63798396,1000000000.0,1000000000.0,932.0,Gaming
1637,1.1072438720426239,234486334.95154604,11979351.36895842,2.69468839,72382548.06525736,86999784.9868455,86999785.0,253.0,Gaming
4710,0.0060020329184061,41653652.0111393,965492.58125217,1.07616818,6939923952.0,10000000000.0,1000000000.0,656.0,Gaming
15463,0.0066062718360822,61814019.12463869,947225.19799091,3.49357471,9356868845.0,21353459188.95017,1000000000.0,545.0,Gaming
28778,0.449049771404307,112262442.85107677,20264436.64626502,-5.0839245,250000000.0,1000000000.0,1000000000.0,397.0,Gaming
19055,0.1724561946825579,100133070.79409423,8193573.34452889,0.45514818,580629017.0,1992002130.0,2000000000.0,429.0,Gaming
2675,0.0284445074673668,24929254.634052657,1324584.45775876,-0.49823091,876417166.395055,912944740.366312,1000000000.0,792.0,Gaming
28299,0.0962320757290598,96233980.0656064,13386583.42226754,-0.18638155,1000019789.0,10000000000.0,10000000000.0,439.0,Gaming
10891,0.0764758315408911,20899823.81236303,1656144.88452698,-5.24464788,273286650.06,500000000.0,500000000.0,847.0,Gaming
20622,0.247627946711549,96175860.1532876,1544146.37682253,1.05866897,388388554.0,1000000000.0,1000000000.0,441.0,Gaming
13969,1.1072438720426239,131176424.89766005,29341435.916718155,3.15540867,49492683.0,49492683.0,64000000.0,360.0,Gaming
29331,0.2129258723257083,15263298.8104457,5250213.95149174,-10.4081555275,71683627.0,2000000000.0,2000000000.0,961.0,Gaming
4757,1.1072438720426239,16731232.030209066,189045.52328692,8.77217616,1666500.77658231,1915498.09331752,1000000000.0,924.0,Gaming
23711,1.1072438720426239,343014681.7581861,5066261.61565855,0.01476484,35773841.0,111111111.1,111111112.0,119.0,Gaming
30369,0.0015370607899528,129981267.02555303,1151174.5469169,7.0263907,15683307747.5,48707481931.09895,23499511997.5,362.0,Gaming
28846,1.0413407298081585,146763959.1073373,25736343.75042693,-3.58190732,140937500.0,1000000000.0,1000000000.0,335.0,Gaming
19118,0.0280049688708912,16988234.191615675,235377.28865792,1.88713844,606615000.0,1000000000.0,1000000000.0,921.0,Gaming
22710,0.0320110431921432,26317601.65668714,2312228.98784313,-0.66714193,822141331.0,1000000000.0,1000000000.0,774.0,Gaming
3773,1.1072438720426239,343014681.7581861,29341435.916718155,0.06271518,848193895.9129184,1152997575.0,1000000000.0,54.0,Gaming
5821,0.3382937426811964,83633142.17221886,1664973.812064,-6.68774356,247220482.1448135,500000000.0,1000000000.0,478.0,Gaming
19650,4.034293894243945e-07,22094329.783071764,2331287.36788267,9.92326186,15683307747.5,48707481931.09895,23499511997.5,833.0,Gaming
1732,1.1072438720426239,168809794.85669824,9518699.6015264,2.51598696,6284478.39260845,10718584.43818002,11000000.0,305.0,Gaming
28868,0.0109914211056482,25574449.76313497,10830943.78425453,10.6260658125,2326764621.0,9979000000.0,10000000000.0,782.0,Gaming
23756,0.2308731423424619,107913810.85956246,22994127.04865205,1.04026035,467416044.0,998341730.0,1000000000.0,407.0,Gaming
13521,0.0888264069253941,55355730.93014939,899416.41017387,2.99955514,623190027.0,633253011.0,1000000000.0,577.0,Gaming
28882,0.2990719086620755,35728474.64794404,1161291.29078288,10.6260658125,119464495.37095782,320887340.4728328,1000000000.0,694.0,Gaming
10469,0.0833801325630524,39358662.56443235,6298193.67891641,2.95620037,472038858.1137016,1000000000.0,1000000000.0,668.0,Gaming
3816,0.0050554003079305,50560985.28983112,8360052.22642262,-3.23180531,10001381139.0,48707481931.09895,23499511997.5,598.0,Gaming
22764,0.8010971190189241,120261436.84700756,8205421.20845821,-4.05842694,150120920.41260564,500000000.0,1000000000.0,382.0,Gaming
3822,0.10341756397308,343014681.7581861,29341435.916718155,8.02525006,6548918650.0,6548918652.0,1000000000.0,107.0,Gaming
23794,0.2662557691937633,25303600.78372738,386379.03846691,-9.82182991,95034939.0,100000000.0,100000000.0,786.0,Gaming
7411,0.1949801976877955,133884901.7910808,1580398.41705619,10.6260658125,686658970.391746,1000000000.0,1000000000.0,358.0,Gaming
7431,1.1072438720426239,343014681.7581861,29341435.916718155,6.72643003,236963375.150131,236963375.150131,388539008.0,62.0,Gaming
29447,1.1072438720426239,209197072.0659088,2854684.56819276,-1.40410507,33450208.0,147571163.0,147571163.0,272.0,Gaming
12041,0.1427691916232938,69457665.94683489,1547721.29340953,-2.12955548,486503181.51344335,527018673.0,1000000000.0,525.0,Gaming
2827,0.1156825122332712,14359577.42699772,69278.08253624,2.01813714,124129197.66163056,124129197.66163056,1000000000.0,980.0,Gaming
2316,0.0037200017797409,20195712.2144086,467628.91932973,5.39849908,5428952299.0,10000000000.0,10000000000.0,855.0,Gaming
5908,0.0299949675977924,112406141.07272734,845726.77107733,0.00505025,3747500000.0,5000000000.0,5000000000.0,394.0,Gaming
6933,0.6671792394207644,21370350.165604085,435948.0980373,7.88241315,32030898.0,50000000.0,50000000.0,843.0,Gaming
28446,1.1072438720426239,16277830.755643552,153711.70042362,-10.4081555275,9093998.24,10000000.0,10000000.0,933.0,Gaming
8479,0.1848862395119795,60834396.39588293,1227857.66331249,-5.31446565,329036907.0,400000000.0,400000000.0,549.0,Gaming
5410,0.1102159896005227,28684468.697816584,1768729.17629563,-4.77530579,260256872.0,310256872.0,500000000.0,755.0,Gaming
2348,0.0554099958265837,37465857.24074034,18137844.06088055,-10.4081555275,676157012.5,1000000000.0,1000000000.0,681.0,Gaming
2866,0.0830634167766738,41351859.50211256,1080196.69888246,-0.1804892,497834800.2862929,500000000.00000006,1000000000.0,659.0,Gaming
23355,0.3217959689310652,279500218.5798387,1373513.60612026,0.60138974,868563455.0,1000000000.0,1000000000.0,232.0,Gaming
19778,0.0071158712557893,18003154.277146984,3850796.59248272,-2.12150849,2530000000.0,4600000000.0,4600000000.0,903.0,Gaming
9029,0.0896456625910774,30479515.868171763,1173973.90239724,-4.35446131,339999895.0,650000000.0,1000000000.0,740.0,Gaming
3911,0.92214042472793,343014681.7581861,29341435.916718155,0.2676619,568381102.7486407,1408900141.0,1410000000.0,128.0,Gaming
7497,0.0193573450294142,156550127.16938543,3942444.00847172,-0.85515358,8087375977.0,8087375977.0,1000000000.0,316.0,Gaming
29513,1.1072438720426239,128619240.27657542,1992278.10808954,8.77278811,94713631.54553846,99662806.22722387,100000000.0,365.0,Gaming
25419,0.0604797081836269,28735608.53544258,4185505.34811753,-2.29205356,475128095.0,997742373.0,1000000000.0,753.0,Gaming
24911,0.0011358337798458,72323876.51550105,29341435.916718155,9.88292136,15683307747.5,48707481931.09895,23499511997.5,513.0,Gaming
17231,0.0587121722598964,26787590.525271576,732831.55497997,1.64079332,456252758.06,999996689.0,1000000000.0,769.0,Gaming
4441,0.6428469742774836,32089027.208870437,134846.11754734,7.32436536,49917054.12464035,50000000.0,1000000000.0,732.0,Gaming
2398,0.0064328939461196,34126305.83162968,2307912.60620306,-3.95555584,5304969445.705637,5999999954.464072,6000000000.0,714.0,Gaming
7533,1.1072438720426239,158684325.35297164,5945285.64993346,2.42047982,12706080.0,16779272.0,19779272.0,314.0,Gaming
29037,0.0052169265085456,34609765.17323133,2293830.36033017,-4.07600449,6634129332.0,48707481931.09895,23499511997.5,707.0,Gaming
2416,1.1072438720426239,343014681.7581861,29341435.916718155,3.16107164,1000000000.0,1000000000.0,1000000000.0,52.0,Gaming
2930,0.0098671248723149,179705271.79427886,9145689.927858,-0.53145743,15683307747.5,18212526355.929,21000000000.0,293.0,Gaming
2424,0.9183381322104012,343014681.7581861,29341435.916718155,0.70335117,1282250452.153369,1401796166.0050192,2000000000.0,69.0,Gaming
6535,1.1072438720426239,343014681.7581861,29341435.916718155,3.22973699,1076502649.0,1190967360.0,1000000000.0,16.0,Gaming
25479,2.4530958221995592e-08,13009623.79698907,2720599.61074334,1.09740446,15683307747.5,48707481931.09895,23499511997.5,1023.0,Gaming
13198,0.0560973108848831,28277794.164807186,228344.64331345,4.5427591,504084665.0,1000000000.0,1000000000.0,757.0,Gaming
28559,0.112163265775738,20369718.330183797,267952.55415515,2.41521365,181607750.0,1000000000.0,1000000000.0,854.0,Gaming
9104,0.7937863287558723,343014681.7581861,7990115.76245641,-2.92049407,1093794175.2299187,1093794175.2299187,1000000000.0,88.0,Gaming
28567,0.9304226102373916,73503386.20875394,2211996.20122454,10.6260658125,79000000.0,79000000.0,1000000000.0,507.0,Gaming
24476,0.7535010298352811,65320544.34996017,3754051.47303237,4.43165179,86689389.61402555,726378601.0,1000000000.0,533.0,Gaming
2467,0.8420931076971387,341575565.9089752,2755368.08324509,4.03645126,405626839.582,500000000.0,1000000000.0,179.0,Gaming
9638,0.5281577606538636,43696183.62960141,543013.05759249,0.58991687,82733203.76,100000000.0,100000000.0,642.0,Gaming
2474,0.037264999674942,16529628.885438912,339752.17293241,-2.74398522,443569811.6094136,743569811.6094136,1000000000.0,925.0,Gaming
28076,0.2357752717492572,103054748.28170212,362909.52294031,0.2055754,437088875.0,1000000000.0,1000000000.0,418.0,Gaming
27565,1.1072438720426239,343014681.7581861,29341435.916718155,-6.0884024,204600000.0,1000000000.0,1000000000.0,136.0,Gaming
1455,0.5237560163516793,343014681.7581861,29341435.916718155,-0.88363329,1000000000.0,1000000000.0,1000000000.0,129.0,Gaming
22974,1.1072438720426239,343014681.7581861,29341435.916718155,-2.44909769,6776790.0,6776790.0,21000000.0,42.0,Gaming
24007,0.3029009403336051,233161894.9631918,29341435.916718155,0.13559909,769762862.7576889,3000000000.0,1000000000.0,254.0,Gaming
5583,0.051337915275617,33117560.107083622,475267.78144791,4.51649129,645089695.0,971883420.0,1000000000.0,718.0,Gaming
3029,0.8679426188101056,301022367.2356354,11654093.99134818,-2.00321517,346822889.7992336,440000000.0,440000000.0,198.0,Gaming
7653,0.0854699842419148,343014681.7581861,19803002.0601543,-0.96049268,6713599876.0,10000000000.0,10000000000.0,119.0,Gaming
14822,0.0163883380030986,87452225.53418966,1535660.08191582,-2.64533784,5336247367.954846,16800000000.0,16800000000.0,464.0,Gaming
16876,0.0153032250667029,54910476.0629319,1993678.88902392,1.32620464,3588163659.855413,10000000000.0,1000000000.0,580.0,Gaming
2545,1.1072438720426239,343014681.7581861,6002865.47485381,-2.19946321,98554305.44029328,186000000.0,1000000000.0,173.0,Gaming
9720,0.011382752265772,62458700.08769868,2780167.38707227,-3.28724236,5487135152.322704,10250000000.0,1000000000.0,542.0,Gaming
5113,0.0052793580718383,141434336.26611015,401881.51800621,3.05938503,15683307747.5,48707481931.09895,23499511997.5,344.0,Gaming
6138,0.4647225154858544,51406491.187898114,7856320.96318551,3.57736584,110617604.0,168817248.0,200000000.0,592.0,Gaming
17917,0.3227089324802266,310346744.0959163,5602787.72559445,-2.33234315,961692450.5643556,1000000000.0,1000000000.0,196.0,Gaming
16001,0.000190938088707,0.0,597250.34761518,3.99123936,0.0,2960503000.0,2960503000.0,1876.0,Generative AI
30466,0.0043003325800841,0.0,51236.83668123,-10.4081555275,0.0,850000000.0,1000000000.0,1876.0,Generative AI
20488,0.0033990988703113,418543.8950764813,2896.22067317,-1.11898386,123133780.75941,676702477.0,1000000000.0,1876.0,Generative AI
28298,0.0240534602030573,343014681.7581861,29341435.916718155,3.42755622,15683307747.5,48707481931.09895,23499511997.5,68.0,Generative AI
22289,0.0054955980114317,101588771.6182651,1943308.34266993,-1.39735798,15683307747.5,48707481931.09895,23499511997.5,423.0,Generative AI
29335,0.3469648074572025,267524323.53213543,29341435.916718155,-2.447336,771041667.0,5000000000.0,5000000000.0,241.0,Generative AI
23838,,,0.0,0.0,0.0,850000000.0,1000000000.0,,Generative AI
16543,0.0269213716515363,685633.9239632745,58661.73708418,-10.4081555275,25468016.0,1000000000.0,1000000000.0,1855.0,Generative AI
12965,0.063829459207273,0.0,237211.82178375,5.75321535,0.0,0.0,100000000.0,1876.0,Generative AI
15664,0.0046739436650178,0.0,62473.124317,0.51175908,0.0,1000000000.0,1000000000.0,1876.0,Generative AI
16569,0.008551719546472,0.0,8824659.70409334,2.36832709,0.0,0.0,1000000000.0,1876.0,Generative AI
11455,0.0007866611357299,121377.35287449331,12762.2323659,-0.6337141,154294330.0,1000000000.0,1000000000.0,1876.0,Generative AI
10688,0.7924140970684548,289595102.7045273,29341435.916718155,0.98452499,365459301.86740464,1000000000.0,1000000000.0,200.0,Generative AI
28230,0.1603533420782119,141371462.66750175,14108729.17569792,-2.04375157,881624672.33485,5000000000.0,5000000000.0,345.0,Generative AI
13133,6.369674421715734e-05,14437.662642083644,45272.23393364,10.31875957,226662489.889,313384303.0,1000000000.0,1876.0,Generative AI
13523,1.1072438720426239,0.0,290268.67701042,6.5117993,0.0,669811161.0,1000000000.0,1876.0,Generative AI
15585,0.3732364388370132,128572617.44527853,826143.31700323,-7.25781913,344480345.61122864,1000000000.0,1000000000.0,365.0,Generative AI
15588,,,0.0,0.0,0.0,1000000000.0,1000000000.0,,Generative AI
30963,0.0373655843752261,137250341.21618626,29341435.916718155,-7.50779145,3673175289.804513,10000000000.0,10000000000.0,353.0,Generative AI
29920,0.2868735230171632,143436116.04315484,29341435.916718155,-2.38995776,499997750.0,499997750.0,499997750.5,341.0,AI & Big Data
30109,0.0136810109689544,0.0,5704191.66086437,-0.45230675,0.0,999967975.0,1000000000.0,1876.0,AI & Big Data
30157,0.0007608527511401,0.0,959064.86745476,-5.02746963,0.0,48707481931.09895,1000000000.0,1876.0,AI & Big Data
